{
    "Accuracy": 0.3327380952380952,
    "Confusion_matrix:": [
        [
            518,
            81,
            7,
            177,
            12,
            3,
            4,
            4,
            23,
            23
        ],
        [
            1,
            858,
            60,
            1,
            0,
            0,
            0,
            6,
            21,
            3
        ],
        [
            270,
            189,
            125,
            83,
            15,
            6,
            1,
            3,
            13,
            96
        ],
        [
            81,
            279,
            8,
            316,
            25,
            13,
            5,
            5,
            85,
            65
        ],
        [
            42,
            99,
            25,
            41,
            223,
            1,
            1,
            13,
            7,
            359
        ],
        [
            88,
            294,
            9,
            207,
            25,
            15,
            1,
            6,
            46,
            56
        ],
        [
            125,
            191,
            36,
            223,
            160,
            3,
            10,
            0,
            0,
            83
        ],
        [
            9,
            100,
            26,
            37,
            100,
            0,
            3,
            216,
            73,
            320
        ],
        [
            117,
            137,
            161,
            101,
            15,
            21,
            2,
            10,
            67,
            171
        ],
        [
            40,
            60,
            42,
            65,
            74,
            14,
            2,
            64,
            32,
            447
        ]
    ],
    "F1_class_0": 0.4834344377041531,
    "F1_class_1": 0.5299567634342187,
    "F1_class_2": 0.1923076923076923,
    "F1_class_3": 0.2962962962962963,
    "F1_class_4": 0.30547945205479454,
    "F1_class_5": 0.03645200486026731,
    "F1_class_6": 0.023255813953488372,
    "F1_class_7": 0.35672997522708505,
    "F1_class_8": 0.11462788708297691,
    "F1_class_9": 0.36297198538367836,
    "F1_global:": 0.3327380952380952,
    "MCC": 0.2648936777304212,
    "Precision_class_0": 0.40123934934159566,
    "Precision_class_1": 0.375,
    "Precision_class_2": 0.250501002004008,
    "Precision_class_3": 0.25259792166266987,
    "Precision_class_4": 0.3436055469953775,
    "Precision_class_5": 0.19736842105263158,
    "Precision_class_6": 0.3448275862068966,
    "Precision_class_7": 0.6605504587155964,
    "Precision_class_8": 0.18256130790190736,
    "Precision_class_9": 0.2754158964879852,
    "Precision_global:": 0.3327380952380952,
    "Recall_class_0": 0.607981220657277,
    "Recall_class_1": 0.9031578947368422,
    "Recall_class_2": 0.1560549313358302,
    "Recall_class_3": 0.35827664399092973,
    "Recall_class_4": 0.2749691738594328,
    "Recall_class_5": 0.020080321285140562,
    "Recall_class_6": 0.012033694344163659,
    "Recall_class_7": 0.24434389140271492,
    "Recall_class_8": 0.08354114713216958,
    "Recall_class_9": 0.5321428571428571,
    "Recall_global:": 0.3327380952380952,
    "Test_size": 8400,
    "Train_size": 42.0,
    "Train_time": 0.11034
}