{
    "Accuracy": 0.5963095238095238,
    "Confusion_matrix:": [
        [
            710,
            2,
            25,
            6,
            17,
            23,
            11,
            27,
            3,
            28
        ],
        [
            1,
            873,
            21,
            12,
            0,
            4,
            2,
            24,
            7,
            6
        ],
        [
            59,
            40,
            426,
            25,
            27,
            29,
            88,
            43,
            24,
            40
        ],
        [
            34,
            58,
            74,
            530,
            2,
            58,
            5,
            25,
            43,
            53
        ],
        [
            3,
            10,
            18,
            12,
            515,
            28,
            27,
            20,
            29,
            149
        ],
        [
            49,
            33,
            26,
            105,
            59,
            200,
            37,
            27,
            45,
            166
        ],
        [
            34,
            19,
            68,
            11,
            148,
            70,
            451,
            24,
            0,
            6
        ],
        [
            2,
            22,
            23,
            2,
            24,
            3,
            3,
            613,
            11,
            181
        ],
        [
            20,
            103,
            131,
            76,
            8,
            151,
            31,
            6,
            118,
            158
        ],
        [
            14,
            18,
            14,
            16,
            51,
            29,
            17,
            68,
            40,
            573
        ]
    ],
    "F1_class_0": 0.7986501687289088,
    "F1_class_1": 0.8204887218045113,
    "F1_class_2": 0.5236631837738168,
    "F1_class_3": 0.6320810971973763,
    "F1_class_4": 0.6197352587244285,
    "F1_class_5": 0.29806259314456035,
    "F1_class_6": 0.6001330671989354,
    "F1_class_7": 0.6961953435547984,
    "F1_class_8": 0.21033868092691624,
    "F1_class_9": 0.5209090909090909,
    "F1_global:": 0.5963095238095238,
    "MCC": 0.5535814705109764,
    "Precision_class_0": 0.7667386609071274,
    "Precision_class_1": 0.7410865874363328,
    "Precision_class_2": 0.5157384987893463,
    "Precision_class_3": 0.6666666666666666,
    "Precision_class_4": 0.6051703877790834,
    "Precision_class_5": 0.33613445378151263,
    "Precision_class_6": 0.6711309523809523,
    "Precision_class_7": 0.6989737742303307,
    "Precision_class_8": 0.36875,
    "Precision_class_9": 0.4213235294117647,
    "Precision_global:": 0.5963095238095238,
    "Recall_class_0": 0.8333333333333334,
    "Recall_class_1": 0.9189473684210526,
    "Recall_class_2": 0.5318352059925093,
    "Recall_class_3": 0.6009070294784581,
    "Recall_class_4": 0.6350184956843403,
    "Recall_class_5": 0.2677376171352075,
    "Recall_class_6": 0.542719614921781,
    "Recall_class_7": 0.6934389140271493,
    "Recall_class_8": 0.14713216957605985,
    "Recall_class_9": 0.6821428571428572,
    "Recall_global:": 0.5963095238095238,
    "Test_size": 8400,
    "Train_size": 126.0,
    "Train_time": 0.392738
}